optimisation,n,repeat,elapsed_seconds,speedup_factor_vs_baseline,logdet_library,logdet_factor,relative_difference_percent
baseline,15000,0,5854.2788249999285,1,133837.89073574301,133837.89073574299,2.1745583628628701e-14
openmp1,15000,0,106.49273570801597,54.97350393036492,133837.89073574301,133837.89073574299,2.1745583628628701e-14
openmp2,15000,0,98.613885749946348,59.36566418084903,133837.89073574301,133837.89073574299,2.1745583628628701e-14
openmp3,15000,0,44.441206667106599,131.7308701550853,133837.89073574301,133837.89073574304,2.1745583628628701e-14
openmp4,15000,0,17.556000165990554,333.4631333816472,133837.89073574301,133837.89073574299,2.1745583628628701e-14
