n,elapsed_median,elapsed_mean,elapsed_std,elapsed_min,time_over_n3_median,time_over_n3_mean,time_over_n3_std,logdet_mean,logdet_std
100,0.0001794159179553,0.0001794996205717,3.6261887666582914e-06,0.0001759160077199,1.7941591795533896e-10,1.794996205717325e-10,3.6261887666534544e-12,389.8586028799709,0.0
1000,0.2419127910397946,0.24336226331070057,0.007810860995540163,0.2363776660058647,2.419127910397947e-10,2.4336226331070067e-10,7.810860995540157e-12,6213.7553994947,0.0
1500,1.0899352499982342,1.0897489443498973,0.003039743520620344,1.086620333022438,3.2294377777725455e-10,3.228885761036733e-10,9.006647468504735e-13,9928.131097564572,0.0
2000,4.2671820420073345,4.275636874993022,0.15747544467740723,4.122559165931307,5.333977552509167e-10,5.344546093741276e-10,1.9684430584675796e-11,13813.501567437308,0.0
