optimisation,n,repeat,elapsed_seconds,speedup_factor_vs_baseline,logdet_library,logdet_factor,relative_difference_percent
baseline,10000,0,1708.6538158749463,1,85170.900178182506,85170.900178182506,0
lower_triangle,10000,0,421.5382830419112,4.05337755694437,85170.900178182506,85170.900178182506,0
upper_triangle,10000,0,106.4621754999971,16.049397899773265,85170.900178182506,85170.900178182506,0
