optimisation,n,repeat,elapsed_seconds,speedup_factor_vs_baseline,logdet_library,logdet_factor,relative_difference_percent
baseline,2000,0,4.3081920000258833,1,13813.50156743731,13813.50156743731,0
lower_triangle,2000,0,1.0060480829561129,4.2822923407069604,13813.50156743731,13813.50156743731,0
upper_triangle,2000,0,0.36776395805645734,11.714557410121495,13813.50156743731,13813.50156743731,0
contiguous_access,2000,0,0.37271812499966472,11.558847587650208,13813.50156743731,13813.50156743731,0
cache_blocked_1,2000,0,0.66105787502601743,6.517117733233758,13813.50156743731,13813.50156743731,0
cache_blocked_2,2000,0,0.18426004110369831,23.381043302824992,13813.50156743731,13813.50156743731,0
