optimisation,n,repeat,elapsed_seconds,speedup_factor_vs_baseline,logdet_library,logdet_factor,relative_difference_percent
baseline,5000,0,203.60338954196777,1,39118.452294175011,39118.452294175004,1.8599809520753618e-14
lower_triangle,5000,0,32.959758833050728,6.1773325033495823,39118.452294175011,39118.452294175004,1.8599809520753618e-14
upper_triangle,5000,0,15.643325040931813,13.015352491188784,39118.452294175011,39118.452294175004,1.8599809520753618e-14
contiguous_access,5000,0,12.458036915981211,16.343135833927789,39118.452294175011,39118.452294175004,1.8599809520753618e-14
cache_blocked_1,5000,0,10.514677166938782,19.363731887285741,39118.452294175011,39118.452294175011,0
cache_blocked_2,5000,0,3.1804323339601979,64.017519683698382,39118.452294175011,39118.452294175011,0
