optimisation,n,repeat,elapsed_seconds,speedup_factor_vs_baseline,logdet_library,logdet_factor,relative_difference_percent
openmp1,15000,0,100.63492462493014,nan,133837.89073574301,133837.89073574299,2.1745583628628701e-14
openmp2,15000,0,14.513404958997853,nan,133837.89073574301,133837.89073574299,2.1745583628628701e-14
openmp3,15000,0,14.68289479194209,nan,133837.89073574301,133837.89073574299,2.1745583628628701e-14
openmp4,15000,0,14.027358749997802,nan,133837.89073574301,133837.89073574299,2.1745583628628701e-14
openmp5,15000,0,14.910151083022356,nan,133837.89073574301,133837.89073574301,0
