optimisation,n,repeat,elapsed_seconds,speedup_factor_vs_baseline,logdet_library,logdet_factor,relative_difference_percent
openmp_row_parallel_unblocked,5000,0,10.955643708002754,nan,39118.452294175011,39118.452294175004,1.8599809520753618e-14
openmp_tile_parallel_blocked,5000,0,3.6169241250026971,nan,39118.452294175011,39118.452294175004,1.8599809520753618e-14
openmp_block_row_parallel,5000,0,3.6755705000832677,nan,39118.452294175011,39118.452294175004,1.8599809520753618e-14
openmp_tile_list_parallel,5000,0,3.6800984999863431,nan,39118.452294175011,39118.452294175004,1.8599809520753618e-14
