optimisation,n,repeat,elapsed_seconds,speedup_factor_vs_baseline,logdet_library,logdet_factor,relative_difference_percent
openmp1,20000,0,237.36780345905572,nan,184205.4721815568,184205.4721815568,0
openmp2,20000,0,39.013409917009994,nan,184205.4721815568,184205.4721815568,0
openmp3,20000,0,35.111056874971837,nan,184205.4721815568,184205.4721815568,0
openmp4,20000,0,34.314047084073536,nan,184205.4721815568,184205.4721815568,0
openmp5,20000,0,31.832965417066589,nan,184205.4721815568,184205.4721815568,0
