optimisation,n,repeat,elapsed_seconds,speedup_factor_vs_baseline,logdet_library,logdet_factor,relative_difference_percent
openmp1,5000,0,8.4379184579011053,nan,39118.452294175011,39118.452294175004,1.8599809520753618e-14
openmp2,5000,0,0.63972295797429979,nan,39118.452294175011,39118.452294175004,1.8599809520753618e-14
openmp3,5000,0,0.63256745797116309,nan,39118.452294175011,39118.452294175004,1.8599809520753618e-14
openmp4,5000,0,0.64163083292078227,nan,39118.452294175011,39118.452294175004,1.8599809520753618e-14
