optimisation,n,repeat,elapsed_seconds,speedup_factor_vs_baseline,logdet_library,logdet_factor,relative_difference_percent
openmp1,10000,0,32.950001541059464,nan,85170.900178182506,85170.900178182506,0
openmp2,10000,0,4.5855613339226693,nan,85170.900178182506,85170.900178182506,0
openmp3,10000,0,4.8135135419433936,nan,85170.900178182506,85170.900178182506,0
openmp4,10000,0,4.4407932499889284,nan,85170.900178182506,85170.900178182506,0
openmp5,10000,0,4.0035877500195056,nan,85170.900178182506,85170.900178182506,0
