optimisation,n,repeat,elapsed_seconds,speedup_factor_vs_baseline,logdet_library,logdet_factor,relative_difference_percent
baseline,1000,0,0.458915892988443374634,1,6213.75539949470463075,6213.75539949470461032,3.28756160159829754431e-16
lower_triangle,1000,0,0.0784224090166389942169,5.85184641409159667091,6213.75539949470463075,6213.75539949470461032,3.28756160159829754431e-16
upper_triangle,1000,0,0.0529255970031954348087,8.67096299283569571514,6213.75539949470463075,6213.75539949470461032,3.28756160159829754431e-16
contiguous_access,1000,0,0.0554931900114752352238,8.26976954998524682594,6213.75539949470463075,6213.75539949470461076,3.21609287112876933694e-16
cache_blocked_1,1000,0,0.0499043230083771049976,9.19591460866843668498,6213.75539949470463075,6213.75539949470463652,9.29093496103866697313e-17
cache_blocked_2,1000,0,0.0432231079903431236744,10.6173737689333691492,6213.75539949470463075,6213.75539949470463652,9.29093496103866697313e-17
