method,n,repeat,elapsed_seconds,speedup_factor_vs_baseline,logdet_library,logdet_factor,relative_difference_percent
baseline,1000,0,0.21994862495921552,1,6213.75539949470021384,6213.75539949470021384,0
lower_triangle,1000,0,0.090899165952578187,2.41969904403701630002,6213.75539949470021384,6213.75539949470021384,0
upper_triangle,1000,0,0.045199375133961439,4.86618729368125269019,6213.75539949470021384,6213.75539949470021384,0
contiguous_access,1000,0,0.044723750092089176,4.91793788549320343151,6213.75539949470021384,6213.75539949470021384,0
cholesky_blocked_tile_kernels,1000,0,0.081181959016248584,2.70932886597615585345,6213.75539949470021384,6213.75539949470021384,0
cholesky_blocked_tile_kernels_unrolled,1000,0,0.023378249956294894,9.40825876061743215928,6213.75539949470021384,6213.75539949470021384,0
