optimisation,n,repeat,elapsed_seconds,speedup_factor_vs_baseline,logdet_library,logdet_factor,relative_difference_percent
baseline,1000,0,0.2469557090080343,1,-4970.430194483825,-4970.430194484115,5.837096559318921e-12
lower_triangle_only,1000,0,0.09842212498188019,2.509148314502452,-4970.430194483825,-4970.430194484115,5.837096559318921e-12
inline_mirror,1000,0,0.1315147089771926,1.877780142834529,-4970.430194483825,-4970.430194484115,5.818798450982498e-12
loop_cleanup,1000,0,0.09811108297435567,2.517103078686673,-4970.430194483825,-4970.430194484115,5.818798450982498e-12
access_pattern,1000,0,0.08970379095990211,2.75301307074552,-4970.430194483825,-4970.430194484115,5.837096559318921e-12
cache_blocked,1000,0,0.05237762496108189,4.714908497503077,-4970.430194483825,-4970.430194484121,5.946885209337458e-12
vectorisation,1000,0,0.08921775000635535,2.768010950628576,-4970.430194483825,-4970.430194484115,5.837096559318921e-12
blocked_vectorised,1000,0,0.05231708398787305,4.720364557498617,-4970.430194483825,-4970.430194484121,5.946885209337458e-12
