optimisation,n,repeat,elapsed_seconds,speedup_factor_vs_baseline,logdet_library,logdet_factor,relative_difference_percent
baseline,16,0,1.707987394183874e-06,1,31.91212762570645,31.91212762570645,0
lower_triangle_only,16,0,1.834006980061531e-06,0.9312872921162879,31.91212762570645,31.91212762570645,0
inline_mirror,16,0,1.334003172814846e-06,1.280347325246531,31.91212762570645,31.91212762570645,0
loop_cleanup,16,0,1.417007297277451e-06,1.2053483404535,31.91212762570645,31.91212762570645,0
access_pattern,16,0,1.667009200900793e-06,1.024581863891896,31.91212762570645,31.91212762570645,0
cache_blocked,16,0,1.916021574288607e-06,0.8914238843150956,31.91212762570645,31.91212762570645,0
vectorisation,16,0,2.00001522898674e-06,0.8539871944121071,31.91212762570645,31.91212762570645,0
blocked_vectorised,16,0,2.042041160166264e-06,0.8364118351291261,31.91212762570645,31.91212762570645,0
