optimisation,n,repeat,elapsed_seconds,speedup_factor_vs_baseline,logdet_library,logdet_factor,relative_difference_percent
baseline,2000,0,4.6912534999428317,1,13813.50156743731,13813.50156743731,0
openmp1,2000,0,0.22096450009848922,21.23080177065468,13813.50156743731,13813.50156743731,0
openmp2,2000,0,0.6758205839432776,6.941566462167086,13813.50156743731,13813.50156743731,0
openmp3,2000,0,0.16082779096905142,29.16942073056008,13813.50156743731,13813.50156743731,0
openmp4,2000,0,0.077583832899108529,60.46689528788073,13813.50156743731,13813.50156743731,0
