method,n,repeat,elapsed_seconds,speedup_factor_vs_baseline,logdet_library,logdet_factor,relative_difference_percent
baseline,1000,0,0.22815412492491305,1,6213.75539949470021384,6213.75539949470021384,0
openmp_row_parallel_unblocked,1000,0,0.089141708100214601,2.55945426430934386275,6213.75539949470021384,6213.75539949470021384,0
openmp_tile_parallel_blocked,1000,0,0.010799499927088618,21.1263601523464181753,6213.75539949470021384,6213.75539949470021384,0
openmp_block_row_parallel,1000,0,0.0093966249842196703,24.2804331670218083161,6213.75539949470021384,6213.75539949470021384,0
openmp_tile_list_parallel,1000,0,0.015448958845809102,14.7682524888598099011,6213.75539949470021384,6213.75539949470021384,0
openmp_task_dag_blocked,1000,0,0.011637917021289468,19.6043780435576451282,6213.75539949470021384,6213.75539949470021384,0
