optimisation,n,repeat,elapsed_seconds,speedup_factor_vs_baseline,logdet_library,logdet_factor,relative_difference_percent
baseline,1000,0,0.2405245000263676,1,6213.7553994947002,6213.7553994947002,0
openmp1,1000,0,0.039776999969035387,6.046823546612494,6213.7553994947002,6213.7553994947002,0
openmp2,1000,0,0.063661416992545128,3.778183260585191,6213.7553994947002,6213.7553994947002,0
openmp3,1000,0,0.022089292062446475,10.88873737313103,6213.7553994947002,6213.7553994947002,0
openmp4,1000,0,0.046357457991689444,5.18847474487248,6213.7553994947002,6213.7553994947002,0
