optimisation,n,repeat,elapsed_seconds,speedup_factor_vs_baseline,logdet_library,logdet_factor,relative_difference_percent
baseline,2000,0,4.1344238750170916,1,13813.50156743731,13813.50156743731,0
openmp1,2000,0,0.19617274997290224,21.07542395968955,13813.50156743731,13813.50156743731,0
openmp2,2000,0,0.28921254200395197,14.29545152630551,13813.50156743731,13813.50156743731,0
openmp3,2000,0,0.11079274991061538,37.31673668496029,13813.50156743731,13813.50156743731,0
openmp4,2000,0,0.21015858300961554,19.6728766239727,13813.50156743731,13813.50156743731,0
