optimisation,n,repeat,elapsed_seconds,speedup_factor_vs_baseline,logdet_library,logdet_factor,relative_difference_percent
baseline,2000,0,4.1995089589618146,1,13813.50156743731,13813.50156743731,0
openmp1,2000,0,0.17124495899770409,24.52340193569212,13813.50156743731,13813.50156743731,0
openmp2,2000,0,0.22377145802602172,18.7669553391991,13813.50156743731,13813.50156743731,0
openmp3,2000,0,0.11701124999672174,35.88978802533492,13813.50156743731,13813.50156743731,0
openmp4,2000,0,0.05732974992133677,73.25182762394813,13813.50156743731,13813.50156743731,0
