optimisation,n,repeat,elapsed_seconds,speedup_factor_vs_baseline,logdet_library,logdet_factor,relative_difference_percent
baseline,10000,0,1718.701191250002,1,85170.900178182506,85170.900178182506,0
openmp1,10000,0,33.504206334007904,51.2980720723852,85170.900178182506,85170.900178182506,0
openmp2,10000,0,34.043369916034862,50.48563627775498,85170.900178182506,85170.900178182506,0
openmp3,10000,0,12.612988332984969,136.2643923768109,85170.900178182506,85170.900178182506,0
openmp4,10000,0,5.2777754170820117,325.6487924225168,85170.900178182506,85170.900178182506,0
