optimisation,n,repeat,elapsed_seconds,speedup_factor_vs_baseline,logdet_library,logdet_factor,relative_difference_percent
baseline,5000,0,212.02867287502158,1,39118.452294175011,39118.452294175004,1.8599809520753618e-14
openmp1,5000,0,4.118426917004399,51.48292713404367,39118.452294175011,39118.452294175004,1.8599809520753618e-14
openmp2,5000,0,4.5019246250158176,47.09733959045941,39118.452294175011,39118.452294175004,1.8599809520753618e-14
openmp3,5000,0,1.6902056669350713,125.4454869149167,39118.452294175011,39118.452294175011,0
openmp4,5000,0,0.68986987508833408,307.3458930901606,39118.452294175011,39118.452294175004,1.8599809520753618e-14
