matrix_generator,n,elapsed_seconds,logdet_library,logdet_factor,relative_difference_percent,reconstruction_error_frobenius
coursework_brief,1000,0.23399458304300904,-4548.7035752948686,-4548.7035752948696,1.9994591573577544e-14,1.34948072740557396e-16
gershgorin_adjusted,1000,0.23935454105482996,6188.7443949850904,6188.7443949850913,1.4695948705038083e-14,1.6379196568407899e-15
