optimisation,n,repeat,elapsed_seconds,speedup_factor_vs_baseline,logdet_library,logdet_factor,relative_difference_percent
openmp_row_parallel_unblocked,5000,0,1.62492440399999793499,nan,39118.4522941750887419,39118.4522941750888911,3.81441406187329304045e-16
openmp_tile_parallel_blocked,5000,0,0.255924997999997572151,nan,39118.4522941750887419,39118.4522941750888911,3.81441406187329304045e-16
openmp_block_row_parallel,5000,0,0.506434658999992848294,nan,39118.4522941750887419,39118.4522941750888911,3.81441406187329304045e-16
openmp_tile_list_parallel,5000,0,1.81080467300000691466,nan,39118.4522941750887419,39118.4522941750888911,3.81441406187329304045e-16
openmp_task_dag_blocked,5000,0,1.99195272700001169142,nan,39118.4522941750887419,39118.4522941750888165,1.90720703093664652023e-16
