optimisation,n,repeat,elapsed_seconds,speedup_factor_vs_baseline,logdet_library,logdet_factor,relative_difference_percent
openmp_tile_parallel_blocked,50000,0,118.664869967000413453,nan,506330.532976503773142,506330.532976503774279,2.2453087522354030766e-16
openmp_block_row_parallel,50000,0,158.786417997999706131,nan,506330.532976503773142,506330.532976503774279,2.2453087522354030766e-16
openmp_tile_list_parallel,50000,0,538.948892108999643824,nan,506330.532976503773142,506330.532976503774279,2.2453087522354030766e-16
openmp_task_dag_blocked,50000,0,122.096727735000058601,nan,506330.532976503773142,506330.532976503773284,2.80663594029425384575e-17
