optimisation,n,repeat,elapsed_seconds,speedup_factor_vs_baseline,logdet_library,logdet_factor,relative_difference_percent
openmp_row_parallel_unblocked,20000,0,164.390587800000048446,nan,184205.472181557390542,184205.472181557391167,3.3944572876347525448e-16
openmp_tile_parallel_blocked,20000,0,9.21424248499988607364,nan,184205.472181557390542,184205.472181557391167,3.3944572876347525448e-16
openmp_block_row_parallel,20000,0,14.1552770789999158296,nan,184205.472181557390542,184205.472181557391167,3.3944572876347525448e-16
openmp_tile_list_parallel,20000,0,38.2356499559996336757,nan,184205.472181557390542,184205.472181557391167,3.3944572876347525448e-16
openmp_task_dag_blocked,20000,0,11.3789893359999041422,nan,184205.472181557390542,184205.472181557390428,6.17174052297227735418e-17
