optimisation,n,repeat,elapsed_seconds,speedup_factor_vs_baseline,logdet_library,logdet_factor,relative_difference_percent
openmp_row_parallel_unblocked,10000,0,16.5399169860011170385,nan,85170.9001781829364575,85170.9001781829363722,1.00110634163583987777e-16
openmp_tile_parallel_blocked,10000,0,1.34019957499913289212,nan,85170.9001781829364575,85170.9001781829363722,1.00110634163583987777e-16
openmp_block_row_parallel,10000,0,2.66171931100143410731,nan,85170.9001781829364575,85170.9001781829363722,1.00110634163583987777e-16
openmp_tile_list_parallel,10000,0,5.95616016299936745781,nan,85170.9001781829364575,85170.9001781829363722,1.00110634163583987777e-16
